{
  "als_test_ndcg@10": 0.0785368443924882,
  "als_test_precision@10": 0.06596306068601585,
  "als_test_recall@10": 0.03815630288220198,
  "als_test_hit_rate@10": 0.36675461741424803,
  "als_test_mrr@10": 0.16930204799597937,
  "als_test_map@10": 0.15634050725244658,
  "als_test_n_eval_users": 379.0,
  "als_val_ndcg@10": 0.07765707724283652,
  "als_val_precision@10": 0.07081218274111675,
  "als_val_recall@10": 0.03222463998173861,
  "als_val_hit_rate@10": 0.3883248730964467,
  "als_val_mrr@10": 0.15901619531061156,
  "als_val_map@10": 0.1509456329062928,
  "als_val_n_eval_users": 394.0,
  "popular_test_ndcg@10": 0.03016647216322126,
  "popular_test_precision@10": 0.028232189973614773,
  "popular_test_recall@10": 0.010649490937092202,
  "popular_test_hit_rate@10": 0.16094986807387862,
  "popular_test_mrr@10": 0.06333186748754031,
  "popular_test_map@10": 0.05549378062570675,
  "popular_test_n_eval_users": 379.0,
  "random_test_ndcg@10": 0.01000892653909975,
  "random_test_precision@10": 0.010817941952506597,
  "random_test_recall@10": 0.0020030203987763204,
  "random_test_hit_rate@10": 0.08179419525065963,
  "random_test_mrr@10": 0.023301712945512417,
  "random_test_map@10": 0.0203291870838045,
  "random_test_n_eval_users": 379.0,
  "als_test_ndcg@20": 0.07907402257656225,
  "als_test_precision@20": 0.05791556728232191,
  "als_test_recall@20": 0.06640215884759221,
  "als_test_hit_rate@20": 0.5013192612137203,
  "als_test_mrr@20": 0.17842072895568326,
  "als_test_map@20": 0.14975812956789716,
  "als_val_ndcg@20": 0.07535139778975557,
  "als_val_precision@20": 0.05926395939086295,
  "als_val_recall@20": 0.05618431286013248,
  "als_val_hit_rate@20": 0.49746192893401014,
  "als_val_mrr@20": 0.16645129886091445,
  "als_val_map@20": 0.14670451484460043,
  "popular_test_ndcg@20": 0.03190096966019216,
  "popular_test_precision@20": 0.029023746701846966,
  "popular_test_recall@20": 0.020216653968680345,
  "popular_test_hit_rate@20": 0.28232189973614774,
  "popular_test_mrr@20": 0.07127557252999389,
  "popular_test_map@20": 0.056304172934757576,
  "random_test_ndcg@20": 0.009287120048113827,
  "random_test_precision@20": 0.008839050131926122,
  "random_test_recall@20": 0.004158019103531303,
  "random_test_hit_rate@20": 0.1345646437994723,
  "random_test_mrr@20": 0.026800551586324804,
  "random_test_map@20": 0.02377170900445854,
  "als_test_ndcg@50": 0.09003334031321204,
  "als_test_precision@50": 0.04569920844327177,
  "als_test_recall@50": 0.11699752831559371,
  "als_test_hit_rate@50": 0.6517150395778364,
  "als_test_mrr@50": 0.1833498716251177,
  "als_test_map@50": 0.12813507359763998,
  "als_val_ndcg@50": 0.08735603441892513,
  "als_val_precision@50": 0.04741116751269035,
  "als_val_recall@50": 0.11569857741070795,
  "als_val_hit_rate@50": 0.6548223350253807,
  "als_val_mrr@50": 0.17168436394903583,
  "als_val_map@50": 0.12144158742291022,
  "popular_test_ndcg@50": 0.03720316620843501,
  "popular_test_precision@50": 0.027176781002638525,
  "popular_test_recall@50": 0.04355721203489433,
  "popular_test_hit_rate@50": 0.45646437994722955,
  "popular_test_mrr@50": 0.07666712844240138,
  "popular_test_map@50": 0.055858285469731817,
  "random_test_ndcg@50": 0.01137756506864143,
  "random_test_precision@50": 0.008759894459102904,
  "random_test_recall@50": 0.012235115300189631,
  "random_test_hit_rate@50": 0.2849604221635884,
  "random_test_mrr@50": 0.03154703577734309,
  "random_test_map@50": 0.026782251279259553,
  "als_test_ndcg@100": 0.10844952888009612,
  "als_test_precision@100": 0.03596306068601583,
  "als_test_recall@100": 0.174211073130999,
  "als_test_hit_rate@100": 0.7651715039577837,
  "als_test_mrr@100": 0.18506071528725396,
  "als_test_map@100": 0.11241406947883541,
  "als_val_ndcg@100": 0.1043285082744091,
  "als_val_precision@100": 0.03802030456852792,
  "als_val_recall@100": 0.16490171422623573,
  "als_val_hit_rate@100": 0.7258883248730964,
  "als_val_mrr@100": 0.17269698435533823,
  "als_val_map@100": 0.10091044923160078,
  "popular_test_ndcg@100": 0.051404343222462776,
  "popular_test_precision@100": 0.026015831134564644,
  "popular_test_recall@100": 0.0822840725510782,
  "popular_test_hit_rate@100": 0.6068601583113457,
  "popular_test_mrr@100": 0.0788624138673192,
  "popular_test_map@100": 0.050184722017363986,
  "random_test_ndcg@100": 0.016600580185179847,
  "random_test_precision@100": 0.008548812664907653,
  "random_test_recall@100": 0.028247441258996787,
  "random_test_hit_rate@100": 0.44327176781002636,
  "random_test_mrr@100": 0.03373897706540542,
  "random_test_map@100": 0.02421671611611544
}
