{
  "als_test_ndcg@10": 0.07191413733341998,
  "als_test_precision@10": 0.06379746835443038,
  "als_test_recall@10": 0.024518426357704244,
  "als_test_hit_rate@10": 0.369620253164557,
  "als_test_mrr@10": 0.16898834639340968,
  "als_test_map@10": 0.1542052162168196,
  "als_test_n_eval_users": 395.0,
  "als_val_ndcg@10": 0.07095847122058892,
  "als_val_precision@10": 0.06372549019607843,
  "als_val_recall@10": 0.025652412038096366,
  "als_val_hit_rate@10": 0.36519607843137253,
  "als_val_mrr@10": 0.15873696700902584,
  "als_val_map@10": 0.14124893939057104,
  "als_val_n_eval_users": 408.0,
  "popular_test_ndcg@10": 0.029964980879321552,
  "popular_test_precision@10": 0.028860759493670892,
  "popular_test_recall@10": 0.010859236300564162,
  "popular_test_hit_rate@10": 0.20506329113924052,
  "popular_test_mrr@10": 0.06737090616837453,
  "popular_test_map@10": 0.06438768334337955,
  "popular_test_n_eval_users": 395.0,
  "random_test_ndcg@10": 0.007761564671115807,
  "random_test_precision@10": 0.007848101265822784,
  "random_test_recall@10": 0.002489793819753445,
  "random_test_hit_rate@10": 0.06329113924050633,
  "random_test_mrr@10": 0.018663853727144866,
  "random_test_map@10": 0.017478400642957605,
  "random_test_n_eval_users": 395.0,
  "als_test_ndcg@20": 0.06706016950199312,
  "als_test_precision@20": 0.05354430379746836,
  "als_test_recall@20": 0.03709290383478741,
  "als_test_hit_rate@20": 0.4936708860759494,
  "als_test_mrr@20": 0.1773355054437274,
  "als_test_map@20": 0.14854489556222572,
  "als_val_ndcg@20": 0.06825729783679794,
  "als_val_precision@20": 0.054901960784313725,
  "als_val_recall@20": 0.04429142803268249,
  "als_val_hit_rate@20": 0.49019607843137253,
  "als_val_mrr@20": 0.16743819300189952,
  "als_val_map@20": 0.13826874955268947,
  "popular_test_ndcg@20": 0.030350241902320996,
  "popular_test_precision@20": 0.02708860759493671,
  "popular_test_recall@20": 0.018101666630348075,
  "popular_test_hit_rate@20": 0.3291139240506329,
  "popular_test_mrr@20": 0.07627591739164416,
  "popular_test_map@20": 0.06895687671461664,
  "random_test_ndcg@20": 0.007772060473794078,
  "random_test_precision@20": 0.007468354430379747,
  "random_test_recall@20": 0.0041968258304848575,
  "random_test_hit_rate@20": 0.1189873417721519,
  "random_test_mrr@20": 0.022448071538481853,
  "random_test_map@20": 0.02130002582230509,
  "als_test_ndcg@50": 0.0736546714091797,
  "als_test_precision@50": 0.043341772151898744,
  "als_test_recall@50": 0.08314546866141759,
  "als_test_hit_rate@50": 0.6582278481012658,
  "als_test_mrr@50": 0.18291487882112026,
  "als_test_map@50": 0.13112977063473313,
  "als_val_ndcg@50": 0.074676447572322,
  "als_val_precision@50": 0.045049019607843147,
  "als_val_recall@50": 0.08414079032795063,
  "als_val_hit_rate@50": 0.6740196078431373,
  "als_val_mrr@50": 0.1732119445271491,
  "als_val_map@50": 0.11887223430043745,
  "popular_test_ndcg@50": 0.03304413216655289,
  "popular_test_precision@50": 0.024708860759493672,
  "popular_test_recall@50": 0.03321018083955785,
  "popular_test_hit_rate@50": 0.44050632911392407,
  "popular_test_mrr@50": 0.07986713470028439,
  "popular_test_map@50": 0.05761247979294095,
  "random_test_ndcg@50": 0.008216938310588015,
  "random_test_precision@50": 0.006430379746835443,
  "random_test_recall@50": 0.007602982410352123,
  "random_test_hit_rate@50": 0.20759493670886076,
  "random_test_mrr@50": 0.025026363854662694,
  "random_test_map@50": 0.02146384835477283,
  "als_test_ndcg@100": 0.08879566370308702,
  "als_test_precision@100": 0.036000000000000004,
  "als_test_recall@100": 0.12782131761449728,
  "als_test_hit_rate@100": 0.7620253164556962,
  "als_test_mrr@100": 0.18445290606402578,
  "als_test_map@100": 0.10574516994448264,
  "als_val_ndcg@100": 0.09060819435054743,
  "als_val_precision@100": 0.037230392156862746,
  "als_val_recall@100": 0.1328975775041307,
  "als_val_hit_rate@100": 0.7671568627450981,
  "als_val_mrr@100": 0.17458603486482785,
  "als_val_map@100": 0.10004678906872805,
  "popular_test_ndcg@100": 0.04162986768454559,
  "popular_test_precision@100": 0.023240506329113925,
  "popular_test_recall@100": 0.057123031972128153,
  "popular_test_hit_rate@100": 0.569620253164557,
  "popular_test_mrr@100": 0.08175234882248245,
  "popular_test_map@100": 0.05204010747891383,
  "random_test_ndcg@100": 0.01083076712887593,
  "random_test_precision@100": 0.006329113924050633,
  "random_test_recall@100": 0.014733876180054993,
  "random_test_hit_rate@100": 0.3291139240506329,
  "random_test_mrr@100": 0.0267468508864297,
  "random_test_map@100": 0.020696069017638884
}
